<?xml version="1.0"?>
<!DOCTYPE hibernate-mapping PUBLIC "-//Hibernate/Hibernate Mapping DTD 3.0//EN"
"http://hibernate.sourceforge.net/hibernate-mapping-3.0.dtd">
<!-- Generated 20 d?c. 2019 14:03:09 by Hibernate Tools 3.5.0.Final -->
<hibernate-mapping>
    <class name="tp4.univ.paris13.model.adresse" table="ADRESSE">
        <id name="id" type="java.lang.Integer">
            <column name="ID" />
            <generator class="assigned" />
        </id>
        <property name="numero" type="java.lang.Integer">
            <column name="NUMERO" />
        </property>
        <property name="rue" type="java.lang.String">
            <column name="RUE" />
        </property>
        <property name="codePostal" type="java.lang.String">
            <column name="CODEPOSTAL" />
        </property>
        <property name="ville" type="java.lang.String">
            <column name="VILLE" />
        </property>
        <property name="pays" type="java.lang.String">
            <column name="PAYS" />
        </property>
        <set name="personnes" table="PERSONNE" inverse="false" lazy="true">
            <key>
                <column name="ID" />
            </key>
            <one-to-many class="tp4.univ.paris13.model.Personne" />
        </set>
    </class>
</hibernate-mapping>
