<!DOCTYPE hibernate-configuration PUBLIC
	"-//Hibernate/Hibernate Configuration DTD 3.0//EN"
	"http://www.hibernate.org/dtd/hibernate-configuration-3.0.dtd">
	
<!-- c'est le fichier de configuration qui fait le mapping entre les beans de java et SGBD -->
<hibernate-configuration>
	<session-factory>
	
   		<property name="connection.url">jdbc:postgresql://localhost/PARIS13</property> <!-- l'URL pour accéder à la SGBD de PostgreSQL  -->
   		<property name="connection.driver_class">org.postgresql.Driver</property> <!-- Driver de la base de donnée -->
   		<property name="connection.username">postgres</property> <!-- Nom d'utilisateur de la base de donnée. -->
   		<property name="connection.password">azerty95</property> <!-- Le mot de passe de la base de donnée -->
   		
   		
   		<property name="dialect">org.hibernate.dialect.PostgreSQLDialect</property> <!-- permet à Hibernate de générer le code sql approprié pour la base de donnée PARIS13. -->
	
		<property name="hibernate.show_sql">true</property> <!-- Show SQL in console -->
		<property name="format_sql">true</property> <!-- Show SQL formatted -->
		
		<mapping resource="Personne.hbm.xml"/>
		<mapping resource="adresse.hbm.xml"/>
		
	</session-factory>
</hibernate-configuration>