<?xml version="1.0"?>
<!DOCTYPE hibernate-mapping PUBLIC "-//Hibernate/Hibernate Mapping DTD 3.0//EN"
"http://hibernate.sourceforge.net/hibernate-mapping-3.0.dtd">
<!-- Generated 16 d?c. 2019 16:22:14 by Hibernate Tools 3.5.0.Final -->
<hibernate-mapping>
    <class name="tp4.univ.paris13.model.Personne" table="PERSONNE">
        <id name="id" type="java.lang.Integer">
            <column name="ID" />
            <generator class="assigned" />
        </id>
        <property name="nom" type="java.lang.String">
            <column name="NOM" />
        </property>
        <property name="prenom" type="java.lang.String">
            <column name="PRENOM" />
        </property>
        <property name="tel" type="java.lang.String">
            <column name="TEL" />
        </property>
        <property name="mail" type="java.lang.String">
            <column name="MAIL" />
        </property>
        <property name="idAdresse" type="java.lang.Integer">
            <column name="IDADRESSE" />
        </property>
    </class>
</hibernate-mapping>
